author_id,perplexity,x,y,forget_class,kmeans_cluster
0,5,-26.869574,-14.859291,retain (0–179),1
1,5,33.313583,12.799014,retain (0–179),0
2,5,13.935541,19.402897,retain (0–179),2
3,5,4.163638,27.094934,retain (0–179),0
4,5,3.369957,-10.139303,retain (0–179),5
5,5,-3.492428,-5.401672,retain (0–179),3
6,5,-11.089081,-6.539002,retain (0–179),1
7,5,21.440453,-4.489970,retain (0–179),3
8,5,15.542580,11.504106,retain (0–179),2
9,5,5.507578,-4.485381,retain (0–179),1
10,5,-13.025854,17.615683,retain (0–179),1
11,5,-28.418686,8.680458,retain (0–179),3
12,5,-27.196106,-3.531600,retain (0–179),5
13,5,-27.027033,-11.673960,retain (0–179),3
14,5,-20.699492,-6.434710,retain (0–179),2
15,5,16.808414,-17.709293,retain (0–179),0
16,5,14.363421,4.220653,retain (0–179),1
17,5,4.503025,19.368889,retain (0–179),0
18,5,-17.208586,34.294018,retain (0–179),0
19,5,10.767181,28.600534,retain (0–179),0
20,5,32.490887,10.115083,retain (0–179),0
21,5,19.849323,-16.059624,retain (0–179),1
22,5,-5.621914,-16.379074,retain (0–179),2
23,5,-5.989010,-0.513143,retain (0–179),1
24,5,7.068262,19.236597,retain (0–179),1
25,5,-19.152328,-8.460290,retain (0–179),1
26,5,-7.563016,-3.985062,retain (0–179),0
27,5,-30.608912,4.267007,retain (0–179),2
28,5,-2.194472,-1.416203,retain (0–179),3
29,5,1.244053,19.483459,retain (0–179),1
30,5,-23.276297,-19.552607,retain (0–179),5
31,5,-14.252847,14.233686,retain (0–179),1
32,5,7.535911,10.529869,retain (0–179),0
33,5,-21.837387,-5.226334,retain (0–179),4
34,5,11.918741,-8.145411,retain (0–179),2
35,5,16.989517,21.575211,retain (0–179),4
36,5,30.247980,-11.964674,retain (0–179),0
37,5,-13.172424,-10.051189,retain (0–179),2
38,5,-12.227551,-4.988642,retain (0–179),0
39,5,15.132118,-10.796907,retain (0–179),2
40,5,16.025259,-20.968485,retain (0–179),2
41,5,-15.012269,2.283850,retain (0–179),2
42,5,17.490303,4.764953,retain (0–179),2
43,5,-30.665274,-17.701838,retain (0–179),4
44,5,-27.299488,-6.692292,retain (0–179),0
45,5,4.176438,6.753570,retain (0–179),2
46,5,-0.896253,-1.711284,retain (0–179),3
47,5,-8.004389,13.118961,retain (0–179),2
48,5,0.135912,-0.242754,retain (0–179),3
49,5,8.574006,5.181491,retain (0–179),2
50,5,9.735655,6.426355,retain (0–179),0
51,5,-0.016018,11.959470,retain (0–179),2
52,5,13.636703,25.843937,retain (0–179),4
53,5,-29.216026,-15.458405,retain (0–179),2
54,5,30.377401,11.044646,retain (0–179),0
55,5,-4.829705,35.499855,retain (0–179),0
56,5,20.873930,11.172004,retain (0–179),5
57,5,-15.417099,13.460294,retain (0–179),3
58,5,-24.780323,-7.071875,retain (0–179),1
59,5,17.036816,-1.929247,retain (0–179),3
60,5,5.726591,-17.328510,retain (0–179),1
61,5,-14.755751,-2.208492,retain (0–179),2
62,5,9.253275,-24.201212,retain (0–179),0
63,5,5.802245,-1.142320,retain (0–179),3
64,5,14.772144,-5.254028,retain (0–179),1
65,5,-5.389949,-13.478139,retain (0–179),2
66,5,31.080173,25.557022,retain (0–179),1
67,5,-17.793896,-20.465891,retain (0–179),1
68,5,-18.796223,19.067329,retain (0–179),1
69,5,12.566327,15.324143,retain (0–179),1
70,5,-4.916539,14.312595,retain (0–179),1
71,5,-12.951335,4.650202,retain (0–179),1
72,5,0.913784,-4.012689,retain (0–179),3
73,5,-8.382489,-8.512954,retain (0–179),3
74,5,-22.722002,-11.934586,retain (0–179),2
75,5,1.149130,3.895850,retain (0–179),2
76,5,1.559637,-12.554880,retain (0–179),3
77,5,9.534015,0.489733,retain (0–179),4
78,5,1.666126,-32.326794,retain (0–179),1
79,5,-17.955763,-29.899590,retain (0–179),5
80,5,16.972383,29.026726,retain (0–179),0
81,5,-18.803524,11.404143,retain (0–179),0
82,5,29.003387,-11.795432,retain (0–179),0
83,5,-0.929570,1.266497,retain (0–179),3
84,5,9.440174,3.094866,retain (0–179),2
85,5,22.270725,-30.916594,retain (0–179),1
86,5,0.054211,-33.773575,retain (0–179),4
87,5,-22.224762,-1.402646,retain (0–179),4
88,5,11.577301,18.211353,retain (0–179),1
89,5,12.308485,-31.080704,retain (0–179),5
90,5,5.473667,-9.586375,retain (0–179),4
91,5,19.673746,-23.957705,retain (0–179),3
92,5,-15.749212,33.518528,retain (0–179),1
93,5,20.372789,-1.675969,retain (0–179),5
94,5,-2.524412,-16.620338,retain (0–179),5
95,5,-7.034742,-37.053043,retain (0–179),0
96,5,21.025398,-20.031019,retain (0–179),2
97,5,2.003522,-24.072254,retain (0–179),1
98,5,-1.765571,-35.770924,retain (0–179),2
99,5,0.395069,-15.859835,retain (0–179),4
100,5,9.368688,-18.254429,retain (0–179),3
101,5,10.035032,-6.536145,retain (0–179),4
102,5,-6.791776,-23.084507,retain (0–179),0
103,5,-2.675360,31.760544,retain (0–179),0
104,5,28.409983,-5.126574,retain (0–179),2
105,5,1.157628,-6.585563,retain (0–179),1
106,5,-14.010019,28.827530,retain (0–179),3
107,5,21.220432,-29.833490,retain (0–179),1
108,5,-11.334744,33.384598,retain (0–179),0
109,5,-7.728714,10.731765,retain (0–179),3
110,5,-14.106242,32.614437,retain (0–179),0
111,5,-4.219301,10.007769,retain (0–179),1
112,5,10.040286,-14.358367,retain (0–179),2
113,5,15.192315,-8.413367,retain (0–179),4
114,5,18.660576,-27.160839,retain (0–179),2
115,5,-10.267461,8.396908,retain (0–179),0
116,5,-4.142872,23.551176,retain (0–179),2
117,5,-33.511650,-26.323795,retain (0–179),4
118,5,-0.693418,39.164501,retain (0–179),5
119,5,-24.547949,-15.214546,retain (0–179),3
120,5,-13.371919,-3.350662,retain (0–179),2
121,5,-0.259347,24.665562,retain (0–179),2
122,5,-12.076222,-35.071941,retain (0–179),0
123,5,-13.946289,-15.857359,retain (0–179),1
124,5,-11.170321,-12.880600,retain (0–179),3
125,5,-17.761488,-3.514021,retain (0–179),1
126,5,10.101503,14.464450,retain (0–179),0
127,5,-14.179736,-39.050537,retain (0–179),5
128,5,-0.182819,21.589960,retain (0–179),1
129,5,-8.214658,-6.821461,retain (0–179),0
130,5,-4.474469,5.381686,retain (0–179),3
131,5,15.652035,23.947660,retain (0–179),4
132,5,19.693203,24.556297,retain (0–179),2
133,5,-6.063996,22.817673,retain (0–179),3
134,5,18.477926,-19.581320,retain (0–179),2
135,5,-9.199813,-22.689186,retain (0–179),0
136,5,1.809399,15.231980,retain (0–179),0
137,5,-13.452940,-35.567303,retain (0–179),0
138,5,25.774323,30.839731,retain (0–179),3
139,5,6.402632,32.090122,retain (0–179),2
140,5,-10.628847,-20.609919,retain (0–179),1
141,5,-12.524077,-21.868402,retain (0–179),0
142,5,11.056053,21.388451,retain (0–179),1
143,5,-3.514988,-22.290983,retain (0–179),0
144,5,-6.342196,11.953197,retain (0–179),1
145,5,-4.530089,28.276930,retain (0–179),4
146,5,2.095305,41.362591,retain (0–179),2
147,5,14.558743,-27.198444,retain (0–179),2
148,5,3.022302,42.235012,retain (0–179),3
149,5,17.060553,16.946161,retain (0–179),0
150,5,-32.817982,-29.265194,retain (0–179),5
151,5,17.632374,-7.739887,retain (0–179),2
152,5,1.711408,-8.935027,retain (0–179),1
153,5,-29.983879,7.244772,retain (0–179),2
154,5,-14.762328,-18.431139,retain (0–179),2
155,5,-1.398031,3.448190,retain (0–179),3
156,5,1.756634,13.016887,retain (0–179),2
157,5,14.321488,-2.336773,retain (0–179),3
158,5,16.767313,-27.241367,retain (0–179),0
159,5,13.397571,0.576335,retain (0–179),1
160,5,-17.906683,-18.554516,retain (0–179),4
161,5,27.324593,-15.237220,retain (0–179),2
162,5,36.004772,9.051370,retain (0–179),0
163,5,-22.868999,-16.552868,retain (0–179),3
164,5,7.810649,-16.436575,retain (0–179),1
165,5,28.521162,27.102184,retain (0–179),2
166,5,19.866032,4.843917,retain (0–179),0
167,5,-10.377880,-33.427605,retain (0–179),1
168,5,-3.233508,-36.360943,retain (0–179),2
169,5,17.429888,11.468965,retain (0–179),0
170,5,-3.382200,36.652214,retain (0–179),5
171,5,-5.525595,-6.668571,retain (0–179),1
172,5,6.181424,5.652542,retain (0–179),4
173,5,-20.355129,8.594982,retain (0–179),4
174,5,-19.295202,-17.456470,retain (0–179),4
175,5,19.988110,-10.207157,retain (0–179),1
176,5,14.959060,8.984070,retain (0–179),5
177,5,-21.628408,5.788165,retain (0–179),0
178,5,37.616512,8.525914,retain (0–179),0
179,5,-13.500804,-24.830280,retain (0–179),2
180,5,-17.206156,-32.884354,forget10∖05 (180–189),4
181,5,6.165104,29.217896,forget10∖05 (180–189),2
182,5,21.795290,19.203337,forget10∖05 (180–189),2
183,5,-2.450282,21.949572,forget10∖05 (180–189),0
184,5,24.242693,19.770315,forget10∖05 (180–189),1
185,5,-31.830278,-14.031143,forget10∖05 (180–189),0
186,5,15.495667,22.229807,forget10∖05 (180–189),4
187,5,-11.798367,6.176083,forget10∖05 (180–189),5
188,5,25.738615,33.131081,forget10∖05 (180–189),4
189,5,26.300282,28.358191,forget10∖05 (180–189),4
190,5,-11.186727,-23.294260,forget05∖01 (190–197),0
191,5,25.497065,0.376960,forget05∖01 (190–197),4
192,5,28.395332,-7.860305,forget05∖01 (190–197),1
193,5,-33.557724,-24.817352,forget05∖01 (190–197),0
194,5,-12.800964,-13.279335,forget05∖01 (190–197),5
195,5,11.449851,-1.888286,forget05∖01 (190–197),0
196,5,-3.721480,30.082527,forget05∖01 (190–197),0
197,5,20.437614,-6.446666,forget05∖01 (190–197),1
198,5,12.055712,11.693488,forget01 (198–199),0
199,5,31.844501,8.080192,forget01 (198–199),1
0,15,0.017435,0.543676,retain (0–179),1
1,15,5.719507,1.745409,retain (0–179),0
2,15,-3.380499,4.068514,retain (0–179),2
3,15,2.280306,1.396374,retain (0–179),0
4,15,-0.403311,1.101219,retain (0–179),5
5,15,-2.480945,-0.336305,retain (0–179),3
6,15,1.960188,-1.593909,retain (0–179),1
7,15,1.830596,0.196976,retain (0–179),3
8,15,1.804062,2.016090,retain (0–179),2
9,15,3.366420,-1.678039,retain (0–179),1
10,15,-3.176938,4.018505,retain (0–179),1
11,15,-2.096037,1.338643,retain (0–179),3
12,15,3.305672,0.067419,retain (0–179),5
13,15,-0.493577,3.171123,retain (0–179),3
14,15,-0.590751,1.955328,retain (0–179),2
15,15,-1.268689,-3.250400,retain (0–179),0
16,15,1.058137,1.053893,retain (0–179),1
17,15,-1.304445,7.600076,retain (0–179),0
18,15,-0.864744,2.028069,retain (0–179),0
19,15,-4.415128,1.300713,retain (0–179),0
20,15,0.438366,-3.301462,retain (0–179),0
21,15,-5.734185,2.848764,retain (0–179),1
22,15,-0.902529,-0.461760,retain (0–179),2
23,15,2.251701,-3.763052,retain (0–179),1
24,15,-2.169030,7.402530,retain (0–179),1
25,15,-0.164471,2.493808,retain (0–179),1
26,15,1.377223,-2.114393,retain (0–179),0
27,15,-5.049435,-1.921167,retain (0–179),2
28,15,1.089358,0.392516,retain (0–179),3
29,15,1.224464,3.453706,retain (0–179),1
30,15,3.943650,2.226504,retain (0–179),5
31,15,-1.882522,3.573842,retain (0–179),1
32,15,0.067039,6.826793,retain (0–179),0
33,15,-1.138894,0.513035,retain (0–179),4
34,15,-4.372747,-3.142939,retain (0–179),2
35,15,-3.217253,3.107824,retain (0–179),4
36,15,-2.846939,1.336720,retain (0–179),0
37,15,1.926765,-1.754047,retain (0–179),2
38,15,0.660207,0.587834,retain (0–179),0
39,15,-3.148556,-2.289236,retain (0–179),2
40,15,-3.382624,-1.248291,retain (0–179),2
41,15,5.555591,-0.660435,retain (0–179),2
42,15,1.329892,0.997855,retain (0–179),2
43,15,-0.892876,-0.857115,retain (0–179),4
44,15,3.141061,-0.343881,retain (0–179),0
45,15,-3.589224,1.464494,retain (0–179),2
46,15,0.578139,0.225337,retain (0–179),3
47,15,2.346502,0.752906,retain (0–179),2
48,15,0.983221,-0.118817,retain (0–179),3
49,15,0.518227,2.389294,retain (0–179),2
50,15,0.299575,-0.571088,retain (0–179),0
51,15,-0.409428,-0.904841,retain (0–179),2
52,15,-2.477382,2.550692,retain (0–179),4
53,15,-0.395574,-0.303532,retain (0–179),2
54,15,-4.017956,1.076738,retain (0–179),0
55,15,2.827904,4.366886,retain (0–179),0
56,15,-3.546052,-3.811994,retain (0–179),5
57,15,0.753764,1.662886,retain (0–179),3
58,15,-3.620215,0.703672,retain (0–179),1
59,15,0.922933,1.449929,retain (0–179),3
60,15,-4.661144,-0.159962,retain (0–179),1
61,15,-0.028525,0.677736,retain (0–179),2
62,15,-0.187549,3.723688,retain (0–179),0
63,15,3.465316,-2.023864,retain (0–179),3
64,15,-3.600549,-3.682967,retain (0–179),1
65,15,-4.395330,-1.613197,retain (0–179),2
66,15,-1.376152,-2.203398,retain (0–179),1
67,15,-0.366956,-2.774416,retain (0–179),1
68,15,-2.930755,0.321075,retain (0–179),1
69,15,-1.500526,3.838960,retain (0–179),1
70,15,-2.521260,-1.214811,retain (0–179),1
71,15,5.470868,-0.818092,retain (0–179),1
72,15,1.658521,-0.305585,retain (0–179),3
73,15,-0.439437,0.315784,retain (0–179),3
74,15,-1.093244,1.242438,retain (0–179),2
75,15,0.916385,-0.754500,retain (0–179),2
76,15,-3.261187,5.267785,retain (0–179),3
77,15,0.255347,1.462647,retain (0–179),4
78,15,-1.600273,5.341725,retain (0–179),1
79,15,-0.659539,2.179103,retain (0–179),5
80,15,-3.683252,5.926156,retain (0–179),0
81,15,4.369240,4.657872,retain (0–179),0
82,15,-0.368977,4.748730,retain (0–179),0
83,15,1.762039,-0.223375,retain (0–179),3
84,15,0.521171,2.358133,retain (0–179),2
85,15,-3.181803,6.185917,retain (0–179),1
86,15,2.105518,2.948175,retain (0–179),4
87,15,-4.915401,0.112943,retain (0–179),4
88,15,-1.332573,2.864174,retain (0–179),1
89,15,-2.047319,0.206644,retain (0–179),5
90,15,2.968399,1.035954,retain (0–179),4
91,15,0.515897,5.011333,retain (0–179),3
92,15,2.595649,3.661647,retain (0–179),1
93,15,4.924965,-1.400217,retain (0–179),5
94,15,0.850923,-1.290851,retain (0–179),5
95,15,1.288767,5.428274,retain (0–179),0
96,15,5.600893,1.682471,retain (0–179),2
97,15,-1.511119,-4.499123,retain (0–179),1
98,15,2.462401,2.929220,retain (0–179),2
99,15,-0.665256,0.404689,retain (0–179),4
100,15,4.043387,-2.425186,retain (0–179),3
101,15,-1.243263,2.018842,retain (0–179),4
102,15,-1.593990,2.674132,retain (0–179),0
103,15,0.674823,2.987252,retain (0–179),0
104,15,1.178324,-3.705370,retain (0–179),2
105,15,1.443922,-0.874975,retain (0–179),1
106,15,-1.807033,4.928626,retain (0–179),3
107,15,-2.493104,6.540855,retain (0–179),1
108,15,2.452289,4.486403,retain (0–179),0
109,15,-1.561816,-0.345162,retain (0–179),3
110,15,2.575795,4.195093,retain (0–179),0
111,15,-0.664232,-1.739330,retain (0–179),1
112,15,-2.596139,2.241589,retain (0–179),2
113,15,-1.634799,-0.471744,retain (0–179),4
114,15,0.111393,5.095905,retain (0–179),2
115,15,-5.242220,1.593607,retain (0–179),0
116,15,1.120942,4.070040,retain (0–179),2
117,15,4.506357,0.581604,retain (0–179),4
118,15,3.383026,2.164042,retain (0–179),5
119,15,-1.445210,1.122859,retain (0–179),3
120,15,-2.009606,-1.836104,retain (0–179),2
121,15,-2.147773,6.398577,retain (0–179),2
122,15,1.120712,5.136751,retain (0–179),0
123,15,-1.740126,-1.097419,retain (0–179),1
124,15,0.595182,0.782141,retain (0–179),3
125,15,4.770990,3.516515,retain (0–179),1
126,15,-0.244174,6.962380,retain (0–179),0
127,15,1.422540,-2.796493,retain (0–179),5
128,15,1.793407,0.718923,retain (0–179),1
129,15,1.409799,-1.423753,retain (0–179),0
130,15,3.125317,-0.987770,retain (0–179),3
131,15,-2.768834,3.631027,retain (0–179),4
132,15,-3.562068,2.379906,retain (0–179),2
133,15,0.960030,4.133042,retain (0–179),3
134,15,-0.778925,1.846737,retain (0–179),2
135,15,-1.253823,2.049943,retain (0–179),0
136,15,1.442516,3.764701,retain (0–179),0
137,15,0.151539,4.098777,retain (0–179),0
138,15,3.364625,-2.453443,retain (0–179),3
139,15,3.198765,-3.204500,retain (0–179),2
140,15,-2.408075,0.864599,retain (0–179),1
141,15,-1.772056,0.514578,retain (0–179),0
142,15,0.421880,7.851550,retain (0–179),1
143,15,-6.015093,0.335416,retain (0–179),0
144,15,-1.204455,-0.775326,retain (0–179),1
145,15,2.692059,5.733609,retain (0–179),4
146,15,3.727234,2.196048,retain (0–179),2
147,15,-2.690039,-3.914895,retain (0–179),2
148,15,-0.836531,-2.050575,retain (0–179),3
149,15,-4.254526,2.760579,retain (0–179),0
150,15,4.572430,0.333154,retain (0–179),5
151,15,-2.461216,1.519096,retain (0–179),2
152,15,-1.912774,-0.619652,retain (0–179),1
153,15,1.696548,3.171654,retain (0–179),2
154,15,0.071702,-2.431469,retain (0–179),2
155,15,1.826746,-0.552141,retain (0–179),3
156,15,1.411625,2.683570,retain (0–179),2
157,15,1.160202,2.631606,retain (0–179),3
158,15,0.079499,4.335475,retain (0–179),0
159,15,-1.242303,3.255118,retain (0–179),1
160,15,-0.262191,-2.195707,retain (0–179),4
161,15,0.959014,6.450251,retain (0–179),2
162,15,0.036349,-3.637109,retain (0–179),0
163,15,-2.238274,1.288340,retain (0–179),3
164,15,-0.151943,1.248267,retain (0–179),1
165,15,-1.091939,-2.079474,retain (0–179),2
166,15,-5.109571,5.026489,retain (0–179),0
167,15,1.698007,5.154264,retain (0–179),1
168,15,3.483951,3.540493,retain (0–179),2
169,15,1.690676,2.101875,retain (0–179),0
170,15,2.535633,2.529537,retain (0–179),5
171,15,-1.651599,0.647361,retain (0–179),1
172,15,-0.403251,0.800579,retain (0–179),4
173,15,-3.172982,-0.423889,retain (0–179),4
174,15,-2.965608,1.611073,retain (0–179),4
175,15,3.658556,3.768067,retain (0–179),1
176,15,1.913774,1.764030,retain (0–179),5
177,15,-3.592603,-0.601563,retain (0–179),0
178,15,-0.092676,-3.875602,retain (0–179),0
179,15,-2.588088,-1.469087,retain (0–179),2
180,15,-0.744316,6.109062,forget10∖05 (180–189),4
181,15,0.234808,2.013165,forget10∖05 (180–189),2
182,15,-2.310314,3.817878,forget10∖05 (180–189),2
183,15,0.467141,-1.181847,forget10∖05 (180–189),0
184,15,-0.450675,5.079014,forget10∖05 (180–189),1
185,15,-0.523875,-0.623480,forget10∖05 (180–189),0
186,15,-2.526766,3.404568,forget10∖05 (180–189),4
187,15,-4.562129,2.231960,forget10∖05 (180–189),5
188,15,-2.309592,4.511867,forget10∖05 (180–189),4
189,15,0.343253,-1.908541,forget10∖05 (180–189),4
190,15,-1.870343,0.472172,forget05∖01 (190–197),0
191,15,-4.673885,3.779624,forget05∖01 (190–197),4
192,15,-0.667277,4.645432,forget05∖01 (190–197),1
193,15,4.143116,0.798919,forget05∖01 (190–197),0
194,15,0.716267,2.162091,forget05∖01 (190–197),5
195,15,-0.783766,3.308257,forget05∖01 (190–197),0
196,15,2.742914,5.814904,forget05∖01 (190–197),0
197,15,-2.285125,-2.599738,forget05∖01 (190–197),1
198,15,-0.217176,6.834502,forget01 (198–199),0
199,15,0.751523,-2.561053,forget01 (198–199),1
0,30,0.336626,-0.425291,retain (0–179),1
1,30,2.472867,-0.898738,retain (0–179),0
2,30,-1.791708,1.277179,retain (0–179),2
3,30,1.212692,1.281229,retain (0–179),0
4,30,0.192172,-0.327899,retain (0–179),5
5,30,1.523918,1.979867,retain (0–179),3
6,30,0.928666,-0.817182,retain (0–179),1
7,30,0.970051,0.303980,retain (0–179),3
8,30,0.379520,-0.654884,retain (0–179),2
9,30,1.694312,1.419506,retain (0–179),1
10,30,1.938104,-1.233375,retain (0–179),1
11,30,0.891989,0.282089,retain (0–179),3
12,30,-0.040611,-2.037311,retain (0–179),5
13,30,-0.560010,-0.068564,retain (0–179),3
14,30,-0.262296,0.244590,retain (0–179),2
15,30,-2.152132,0.550043,retain (0–179),0
16,30,1.437660,0.522019,retain (0–179),1
17,30,-0.235484,1.538079,retain (0–179),0
18,30,0.454991,0.125508,retain (0–179),0
19,30,1.126279,-1.465231,retain (0–179),0
20,30,0.126515,0.562867,retain (0–179),0
21,30,-1.971393,-0.639258,retain (0–179),1
22,30,-0.142967,0.535913,retain (0–179),2
23,30,1.793478,-1.981025,retain (0–179),1
24,30,-0.452749,2.687984,retain (0–179),1
25,30,0.653757,1.166628,retain (0–179),1
26,30,-0.997731,-1.081797,retain (0–179),0
27,30,1.938397,-0.750540,retain (0–179),2
28,30,0.833293,0.346267,retain (0–179),3
29,30,0.435952,0.374192,retain (0–179),1
30,30,0.654207,-2.198602,retain (0–179),5
31,30,0.111800,-0.065525,retain (0–179),1
32,30,-0.555148,2.197097,retain (0–179),0
33,30,0.262794,0.257345,retain (0–179),4
34,30,0.495034,2.788249,retain (0–179),2
35,30,-0.949907,-0.744893,retain (0–179),4
36,30,-0.789411,1.072574,retain (0–179),0
37,30,1.086906,-1.035140,retain (0–179),2
38,30,0.628564,-0.413167,retain (0–179),0
39,30,-2.500114,0.848613,retain (0–179),2
40,30,1.027442,-1.840729,retain (0–179),2
41,30,0.010541,-2.373250,retain (0–179),2
42,30,1.393229,0.870468,retain (0–179),2
43,30,-1.445234,1.650227,retain (0–179),4
44,30,0.148296,-1.813247,retain (0–179),0
45,30,-0.495066,-1.163234,retain (0–179),2
46,30,0.690987,0.080730,retain (0–179),3
47,30,0.693589,0.568319,retain (0–179),2
48,30,0.623110,-0.218501,retain (0–179),3
49,30,-0.452414,-0.845512,retain (0–179),2
50,30,-0.465242,-0.650724,retain (0–179),0
51,30,-0.358357,1.285760,retain (0–179),2
52,30,-0.485339,-0.441991,retain (0–179),4
53,30,0.139679,-0.090409,retain (0–179),2
54,30,-0.269589,-1.438925,retain (0–179),0
55,30,-1.652483,0.584403,retain (0–179),0
56,30,0.599907,2.481753,retain (0–179),5
57,30,0.998765,0.015302,retain (0–179),3
58,30,0.192693,-1.559425,retain (0–179),1
59,30,-0.226945,0.709072,retain (0–179),3
60,30,-0.752327,-2.548801,retain (0–179),1
61,30,-0.700487,0.273715,retain (0–179),2
62,30,0.105462,1.498187,retain (0–179),0
63,30,0.858341,1.026114,retain (0–179),3
64,30,0.557808,2.692836,retain (0–179),1
65,30,1.591863,-0.920021,retain (0–179),2
66,30,-0.652147,-1.799747,retain (0–179),1
67,30,-1.867875,0.226311,retain (0–179),1
68,30,0.470951,1.609623,retain (0–179),1
69,30,2.274340,-0.058953,retain (0–179),1
70,30,-0.007846,-0.860262,retain (0–179),1
71,30,0.259815,-1.959196,retain (0–179),1
72,30,1.191947,-0.728426,retain (0–179),3
73,30,-0.987426,0.565147,retain (0–179),3
74,30,-0.741019,0.633643,retain (0–179),2
75,30,0.513593,-0.610069,retain (0–179),2
76,30,-0.236957,-1.068160,retain (0–179),3
77,30,0.151793,-0.257297,retain (0–179),4
78,30,-0.925388,-1.970628,retain (0–179),1
79,30,0.301616,0.458529,retain (0–179),5
80,30,-1.212127,-2.109368,retain (0–179),0
81,30,2.153409,0.459694,retain (0–179),0
82,30,-0.891839,0.185855,retain (0–179),0
83,30,1.072649,-0.683008,retain (0–179),3
84,30,0.079379,-0.713819,retain (0–179),2
85,30,-1.011651,1.811378,retain (0–179),1
86,30,0.601306,-0.655360,retain (0–179),4
87,30,-0.638417,-2.552656,retain (0–179),4
88,30,-0.229672,0.374858,retain (0–179),1
89,30,-1.341371,1.702126,retain (0–179),5
90,30,1.890550,-0.769564,retain (0–179),4
91,30,1.403888,0.207712,retain (0–179),3
92,30,1.022433,-0.374669,retain (0–179),1
93,30,-1.821076,2.121301,retain (0–179),5
94,30,0.589069,0.224675,retain (0–179),5
95,30,1.860982,1.388244,retain (0–179),0
96,30,1.959434,-1.322550,retain (0–179),2
97,30,-1.567063,-0.127836,retain (0–179),1
98,30,-1.709437,0.889117,retain (0–179),2
99,30,-0.409926,-0.136507,retain (0–179),4
100,30,-2.125204,-0.282435,retain (0–179),3
101,30,-0.499397,0.311528,retain (0–179),4
102,30,-1.374986,-0.320831,retain (0–179),0
103,30,-1.415444,0.394535,retain (0–179),0
104,30,2.524835,-0.051979,retain (0–179),2
105,30,0.998216,-1.193610,retain (0–179),1
106,30,-1.507951,-1.389973,retain (0–179),3
107,30,-0.626505,2.215498,retain (0–179),1
108,30,0.704773,1.460976,retain (0–179),0
109,30,0.167804,0.193563,retain (0–179),3
110,30,-1.334480,-0.124072,retain (0–179),0
111,30,0.790405,0.409201,retain (0–179),1
112,30,-0.773957,-0.129655,retain (0–179),2
113,30,-0.307660,-0.320211,retain (0–179),4
114,30,1.201277,-0.265517,retain (0–179),2
115,30,1.051702,2.266620,retain (0–179),0
116,30,0.048668,0.207441,retain (0–179),2
117,30,-0.123873,0.784684,retain (0–179),4
118,30,0.727879,-2.425396,retain (0–179),5
119,30,-0.060619,0.468010,retain (0–179),3
120,30,-0.488664,-1.357981,retain (0–179),2
121,30,-2.280838,0.922745,retain (0–179),2
122,30,0.821806,1.176967,retain (0–179),0
123,30,-1.544800,0.372294,retain (0–179),1
124,30,0.682998,-0.812813,retain (0–179),3
125,30,-1.584002,-1.613271,retain (0–179),1
126,30,-0.328558,1.560221,retain (0–179),0
127,30,-1.616833,-0.953801,retain (0–179),5
128,30,0.831127,0.592528,retain (0–179),1
129,30,0.659644,-0.471097,retain (0–179),0
130,30,1.974169,1.365961,retain (0–179),3
131,30,-1.122856,-1.495925,retain (0–179),4
132,30,-1.087381,-0.575463,retain (0–179),2
133,30,1.461956,0.419846,retain (0–179),3
134,30,-0.220742,-0.122323,retain (0–179),2
135,30,-0.417121,0.237278,retain (0–179),0
136,30,0.819460,1.708167,retain (0–179),0
137,30,-0.654844,-0.606050,retain (0–179),0
138,30,-1.829591,-1.044663,retain (0–179),3
139,30,-1.362552,-2.223010,retain (0–179),2
140,30,-1.098848,0.514985,retain (0–179),1
141,30,-0.437737,0.454387,retain (0–179),0
142,30,-1.451491,1.570631,retain (0–179),1
143,30,-2.158479,-1.709480,retain (0–179),0
144,30,0.015948,0.148770,retain (0–179),1
145,30,-1.892835,-0.733305,retain (0–179),4
146,30,0.647148,-2.151311,retain (0–179),2
147,30,-2.170057,1.579351,retain (0–179),2
148,30,0.368583,1.331506,retain (0–179),3
149,30,-0.197631,-1.306370,retain (0–179),0
150,30,-0.382885,1.353731,retain (0–179),5
151,30,1.583996,0.607208,retain (0–179),2
152,30,0.088862,-0.550939,retain (0–179),1
153,30,1.381647,-0.175540,retain (0–179),2
154,30,-1.220834,0.069683,retain (0–179),2
155,30,0.857714,-0.829946,retain (0–179),3
156,30,0.964661,1.186623,retain (0–179),2
157,30,0.776150,-0.135525,retain (0–179),3
158,30,-0.465991,0.187754,retain (0–179),0
159,30,-0.585721,-0.761057,retain (0–179),1
160,30,-0.688969,-0.313494,retain (0–179),4
161,30,-0.939527,2.104474,retain (0–179),2
162,30,-2.367566,-0.174172,retain (0–179),0
163,30,0.702402,0.368807,retain (0–179),3
164,30,-0.436617,-0.262403,retain (0–179),1
165,30,0.266517,0.987485,retain (0–179),2
166,30,1.877764,1.246832,retain (0–179),0
167,30,0.981772,-0.294306,retain (0–179),1
168,30,-0.886202,0.677221,retain (0–179),2
169,30,1.022488,1.140743,retain (0–179),0
170,30,0.232643,-0.421045,retain (0–179),5
171,30,0.036765,0.587237,retain (0–179),1
172,30,-0.501043,-0.129847,retain (0–179),4
173,30,0.512269,-1.206260,retain (0–179),4
174,30,-1.146073,-0.314863,retain (0–179),4
175,30,1.585228,0.478460,retain (0–179),1
176,30,0.401095,-1.080194,retain (0–179),5
177,30,2.469144,-0.472622,retain (0–179),0
178,30,-2.204950,-0.513272,retain (0–179),0
179,30,0.594827,-0.918686,retain (0–179),2
180,30,1.451670,-2.109646,forget10∖05 (180–189),4
181,30,0.295657,0.392670,forget10∖05 (180–189),2
182,30,-1.112257,-1.217521,forget10∖05 (180–189),2
183,30,-0.172774,0.457862,forget10∖05 (180–189),0
184,30,-2.705225,-0.535033,forget10∖05 (180–189),1
185,30,-0.131638,1.423520,forget10∖05 (180–189),0
186,30,-0.786464,-0.896682,forget10∖05 (180–189),4
187,30,0.089922,-1.435648,forget10∖05 (180–189),5
188,30,-1.441126,-1.361167,forget10∖05 (180–189),4
189,30,-0.034067,0.902293,forget10∖05 (180–189),4
190,30,-0.771146,0.582982,forget05∖01 (190–197),0
191,30,-0.651821,1.093091,forget05∖01 (190–197),4
192,30,2.077878,-0.096876,forget05∖01 (190–197),1
193,30,0.349333,1.707729,forget05∖01 (190–197),0
194,30,0.460511,-0.142454,forget05∖01 (190–197),5
195,30,-0.393385,-0.683312,forget05∖01 (190–197),0
196,30,-1.502137,-0.747441,forget05∖01 (190–197),0
197,30,1.908736,0.549477,forget05∖01 (190–197),1
198,30,-0.221410,2.224096,forget01 (198–199),0
199,30,-0.705493,1.082928,forget01 (198–199),1
0,50,0.734316,-0.059671,retain (0–179),1
1,50,-1.544897,0.106307,retain (0–179),0
2,50,1.727684,1.258151,retain (0–179),2
3,50,0.179072,1.326916,retain (0–179),0
4,50,0.411380,-0.262371,retain (0–179),5
5,50,-0.415747,-1.354269,retain (0–179),3
6,50,1.184441,0.001461,retain (0–179),1
7,50,0.409890,-0.578981,retain (0–179),3
8,50,0.430445,0.119979,retain (0–179),2
9,50,-0.484174,-0.268416,retain (0–179),1
10,50,2.166338,0.083396,retain (0–179),1
11,50,1.064409,-0.270379,retain (0–179),3
12,50,1.529326,-1.542885,retain (0–179),5
13,50,0.663957,-1.468345,retain (0–179),3
14,50,0.570475,0.004514,retain (0–179),2
15,50,-0.896449,0.871397,retain (0–179),0
16,50,0.108887,0.798801,retain (0–179),1
17,50,1.602285,-0.380715,retain (0–179),0
18,50,0.044698,0.504689,retain (0–179),0
19,50,-0.671712,-0.246950,retain (0–179),0
20,50,-0.006241,0.185581,retain (0–179),0
21,50,-1.023335,-0.449847,retain (0–179),1
22,50,1.118695,0.436329,retain (0–179),2
23,50,-0.600754,1.659868,retain (0–179),1
24,50,2.372412,0.124457,retain (0–179),1
25,50,1.009518,-0.835919,retain (0–179),1
26,50,0.288944,0.586209,retain (0–179),0
27,50,0.030044,1.815834,retain (0–179),2
28,50,0.239503,-0.258888,retain (0–179),3
29,50,0.304555,-0.074977,retain (0–179),1
30,50,1.622287,-1.318112,retain (0–179),5
31,50,0.850200,-0.519100,retain (0–179),1
32,50,0.958365,-1.721120,retain (0–179),0
33,50,0.460902,-0.012692,retain (0–179),4
34,50,0.534146,2.141588,retain (0–179),2
35,50,-0.169598,0.895466,retain (0–179),4
36,50,0.724701,0.585128,retain (0–179),0
37,50,1.312837,-0.644545,retain (0–179),2
38,50,0.603987,0.326909,retain (0–179),0
39,50,2.195431,1.137219,retain (0–179),2
40,50,1.983049,-1.259035,retain (0–179),2
41,50,2.182784,-0.328627,retain (0–179),2
42,50,-0.339055,-0.448770,retain (0–179),2
43,50,1.260787,1.102336,retain (0–179),4
44,50,1.513022,-0.693187,retain (0–179),0
45,50,1.230060,0.150208,retain (0–179),2
46,50,0.624701,-0.249124,retain (0–179),3
47,50,0.482362,-0.695327,retain (0–179),2
48,50,0.626113,-0.090106,retain (0–179),3
49,50,1.166987,0.422516,retain (0–179),2
50,50,0.448308,0.687968,retain (0–179),0
51,50,0.838186,-0.437809,retain (0–179),2
52,50,0.759856,0.293818,retain (0–179),4
53,50,0.646414,-0.010639,retain (0–179),2
54,50,0.748084,0.711896,retain (0–179),0
55,50,0.399749,-1.640247,retain (0–179),0
56,50,0.678321,1.886075,retain (0–179),5
57,50,0.764273,-0.104985,retain (0–179),3
58,50,1.539696,0.334132,retain (0–179),1
59,50,1.645577,-0.052486,retain (0–179),3
60,50,1.988289,0.517946,retain (0–179),1
61,50,0.637026,-0.463046,retain (0–179),2
62,50,0.088977,0.976619,retain (0–179),0
63,50,-0.328749,0.106435,retain (0–179),3
64,50,0.580759,1.943700,retain (0–179),1
65,50,-0.731420,0.056076,retain (0–179),2
66,50,0.997599,1.438789,retain (0–179),1
67,50,1.026890,1.010963,retain (0–179),1
68,50,1.019196,-1.003688,retain (0–179),1
69,50,0.827735,-1.296029,retain (0–179),1
70,50,0.197949,-0.963499,retain (0–179),1
71,50,1.999902,0.124972,retain (0–179),1
72,50,0.438383,-0.486283,retain (0–179),3
73,50,1.011670,0.860111,retain (0–179),3
74,50,1.356578,0.312092,retain (0–179),2
75,50,1.084301,-0.065959,retain (0–179),2
76,50,1.667439,0.423703,retain (0–179),3
77,50,0.459403,0.191198,retain (0–179),4
78,50,2.128677,0.727470,retain (0–179),1
79,50,0.479525,0.082021,retain (0–179),5
80,50,1.592990,1.767656,retain (0–179),0
81,50,-0.710905,-1.265914,retain (0–179),0
82,50,0.784539,0.725465,retain (0–179),0
83,50,0.204931,-0.723398,retain (0–179),3
84,50,1.226334,0.446383,retain (0–179),2
85,50,1.639762,1.504153,retain (0–179),1
86,50,1.094272,-0.902143,retain (0–179),4
87,50,2.038980,1.044936,retain (0–179),4
88,50,0.449674,0.163905,retain (0–179),1
89,50,-0.674440,1.435072,retain (0–179),5
90,50,1.200239,1.974564,retain (0–179),4
91,50,0.139759,1.121370,retain (0–179),3
92,50,-0.058283,-0.464453,retain (0–179),1
93,50,-0.642222,-1.620314,retain (0–179),5
94,50,1.153930,-0.345214,retain (0–179),5
95,50,-0.423054,1.006128,retain (0–179),0
96,50,1.756308,0.601482,retain (0–179),2
97,50,-0.182542,-1.222388,retain (0–179),1
98,50,1.796883,0.818432,retain (0–179),2
99,50,0.979852,0.413405,retain (0–179),4
100,50,-0.740849,0.255263,retain (0–179),3
101,50,0.356537,0.045857,retain (0–179),4
102,50,-0.080951,-0.715626,retain (0–179),0
103,50,-0.418065,0.538310,retain (0–179),0
104,50,2.224976,-0.530589,retain (0–179),2
105,50,1.416024,-0.501178,retain (0–179),1
106,50,1.776744,0.815920,retain (0–179),3
107,50,1.872916,1.323226,retain (0–179),1
108,50,0.080510,-1.121924,retain (0–179),0
109,50,0.640269,-0.023479,retain (0–179),3
110,50,0.263381,-1.103551,retain (0–179),0
111,50,0.436117,-0.821918,retain (0–179),1
112,50,0.917999,1.064968,retain (0–179),2
113,50,1.148415,0.158413,retain (0–179),4
114,50,-0.671989,0.399952,retain (0–179),2
115,50,-0.313166,1.764906,retain (0–179),0
116,50,0.137492,-0.098539,retain (0–179),2
117,50,0.374274,0.942131,retain (0–179),4
118,50,-0.952827,-0.913407,retain (0–179),5
119,50,0.086537,0.509969,retain (0–179),3
120,50,1.122036,-0.469710,retain (0–179),2
121,50,-1.322482,0.887451,retain (0–179),2
122,50,-0.181451,0.112769,retain (0–179),0
123,50,-0.844346,-0.547799,retain (0–179),1
124,50,0.702991,-0.927575,retain (0–179),3
125,50,0.347931,-1.481899,retain (0–179),1
126,50,1.197277,-0.685839,retain (0–179),0
127,50,-1.052247,-0.237647,retain (0–179),5
128,50,0.109577,-0.202969,retain (0–179),1
129,50,0.819874,0.066471,retain (0–179),0
130,50,-0.855776,0.103084,retain (0–179),3
131,50,0.894214,1.158322,retain (0–179),4
132,50,-0.380935,0.145180,retain (0–179),2
133,50,0.925372,-0.297048,retain (0–179),3
134,50,0.331338,0.307391,retain (0–179),2
135,50,0.555873,0.324479,retain (0–179),0
136,50,0.018012,-0.837489,retain (0–179),0
137,50,-0.222250,-0.182323,retain (0–179),0
138,50,-0.894247,0.387482,retain (0–179),3
139,50,1.968908,0.278282,retain (0–179),2
140,50,0.487774,0.838303,retain (0–179),1
141,50,0.310254,0.317142,retain (0–179),0
142,50,1.428519,1.508762,retain (0–179),1
143,50,2.399622,-0.824520,retain (0–179),0
144,50,0.243049,-0.268679,retain (0–179),1
145,50,-0.626416,-0.897993,retain (0–179),4
146,50,1.919569,-0.987235,retain (0–179),2
147,50,0.134640,2.073941,retain (0–179),2
148,50,0.981385,-1.126201,retain (0–179),3
149,50,-0.575138,0.538085,retain (0–179),0
150,50,2.085291,-0.625326,retain (0–179),5
151,50,0.538035,-0.655797,retain (0–179),2
152,50,0.838344,-0.005642,retain (0–179),1
153,50,0.324756,1.325220,retain (0–179),2
154,50,-0.199185,-0.536353,retain (0–179),2
155,50,-0.044182,-0.413242,retain (0–179),3
156,50,-0.069341,-0.203017,retain (0–179),2
157,50,0.969304,-0.243554,retain (0–179),3
158,50,-0.062194,0.473094,retain (0–179),0
159,50,0.637974,0.868794,retain (0–179),1
160,50,0.170562,0.002870,retain (0–179),4
161,50,1.183582,-1.784918,retain (0–179),2
162,50,-0.737095,0.383153,retain (0–179),0
163,50,0.482169,-0.105905,retain (0–179),3
164,50,0.492820,-0.070443,retain (0–179),1
165,50,-0.147702,-0.322905,retain (0–179),2
166,50,-0.980125,0.685518,retain (0–179),0
167,50,0.085117,-0.667569,retain (0–179),1
168,50,0.986057,0.295665,retain (0–179),2
169,50,0.270676,0.457416,retain (0–179),0
170,50,0.435112,0.125776,retain (0–179),5
171,50,0.679615,0.076701,retain (0–179),1
172,50,0.344414,0.048753,retain (0–179),4
173,50,0.417267,0.545210,retain (0–179),4
174,50,0.817412,0.678785,retain (0–179),4
175,50,-0.196951,-0.667787,retain (0–179),1
176,50,0.095208,0.288682,retain (0–179),5
177,50,0.157707,-1.943959,retain (0–179),0
178,50,-1.059288,-0.477535,retain (0–179),0
179,50,0.804308,-0.760924,retain (0–179),2
180,50,-1.264761,0.113648,forget10∖05 (180–189),4
181,50,-0.103994,0.162936,forget10∖05 (180–189),2
182,50,0.563446,1.139720,forget10∖05 (180–189),2
183,50,0.295801,0.628147,forget10∖05 (180–189),0
184,50,-0.967775,1.242692,forget10∖05 (180–189),1
185,50,1.229989,-0.117767,forget10∖05 (180–189),0
186,50,0.591488,1.004370,forget10∖05 (180–189),4
187,50,1.222920,0.408803,forget10∖05 (180–189),5
188,50,1.115522,0.990264,forget10∖05 (180–189),4
189,50,0.002922,0.000478,forget10∖05 (180–189),4
190,50,0.582400,0.782942,forget05∖01 (190–197),0
191,50,1.372683,-0.396402,forget05∖01 (190–197),4
192,50,1.859413,0.067292,forget05∖01 (190–197),1
193,50,0.521189,1.376069,forget05∖01 (190–197),0
194,50,0.484764,-0.166144,forget05∖01 (190–197),5
195,50,0.892887,0.129163,forget05∖01 (190–197),0
196,50,-0.479648,0.427185,forget05∖01 (190–197),0
197,50,0.802539,-1.508115,forget05∖01 (190–197),1
198,50,-0.365677,0.969715,forget01 (198–199),0
199,50,0.020540,0.306385,forget01 (198–199),1
