label,kind,method,n,seed,svd_rank,r8,probe_author,headline,model_utility,mu_probe_spread,retain_prob,retain_rouge,retain_truth_scaled,real_prob,real_rouge,real_truth_scaled,world_prob,world_rouge,world_truth_scaled,forget_quality,retain_ppl,forget_ppl,flags
base_model,anchor,,,,,False,82,True,0.426,0.0,0.1684,0.3862,0.1818,0.778,0.982,0.8681,0.6794,0.9333,0.9108,nan,13.99,14.64,
ft_r32,anchor,,,,,False,82,True,0.7563,0.0,0.9384,0.865,0.5495,0.6457,0.865,0.806,0.6063,0.92,0.8494,nan,1.27,1.29,
iso_a111,iso,,,,,False,111,False,0.4644,0.0,0.2417,0.391,0.1755,0.7454,0.992,0.8699,0.74,0.94,0.9307,nan,7.93,3.88,
iso_a15,iso,,,,,False,15,False,0.4599,0.0,0.2378,0.404,0.168,0.7693,0.992,0.8811,0.7487,0.9133,0.9399,0.1745,7.96,3.65,
iso_a177,iso,,,,,False,177,False,0.4587,0.0,0.2349,0.402,0.1687,0.7647,0.992,0.8778,0.754,0.9,0.9478,nan,8.1,3.52,
iso_a76,iso,,,,,False,76,False,0.4623,0.0,0.2343,0.4089,0.1724,0.7648,0.992,0.8774,0.7388,0.9333,0.9309,nan,8.03,3.81,
iso_a82,iso,,,,,False,82,True,0.4573,0.0,0.2312,0.4084,0.1695,0.7534,0.992,0.8744,0.7218,0.94,0.9251,nan,7.74,3.56,
nmerge_add_N10_s42,merge,additive_mean,10,42,,False,15,False,0.4633,0.003,0.2396,0.4074,0.1706,0.7603,0.992,0.8755,0.7458,0.94,0.9382,0.3356,7.88,7.23,
nmerge_add_N10_s42,merge,additive_mean,10,42,,False,76,False,0.4603,0.003,0.2354,0.3992,0.1706,0.7603,0.992,0.8755,0.7458,0.94,0.9382,nan,7.85,7.34,
nmerge_add_N10_s42,merge,additive_mean,10,42,,False,82,True,0.4603,0.003,0.2354,0.3992,0.1706,0.7603,0.992,0.8755,0.7458,0.94,0.9382,nan,7.81,7.02,
nmerge_add_N10_s42,merge,additive_mean,10,42,,False,111,False,0.4619,0.003,0.2427,0.39,0.1706,0.7603,0.992,0.8755,0.7458,0.94,0.9382,nan,7.82,6.47,
nmerge_add_N10_s42,merge,additive_mean,10,42,,False,177,False,0.4631,0.003,0.2397,0.4059,0.1706,0.7603,0.992,0.8755,0.7458,0.94,0.9382,nan,7.78,6.21,
nmerge_add_N12_s42,merge,additive_mean,12,42,,False,15,False,0.4627,0.0037,0.2395,0.4061,0.1701,0.76,0.992,0.8751,0.747,0.94,0.9394,0.3356,7.88,7.6,
nmerge_add_N12_s42,merge,additive_mean,12,42,,False,76,False,0.4598,0.0037,0.2354,0.3981,0.1701,0.76,0.992,0.8751,0.747,0.94,0.9394,nan,7.85,7.62,
nmerge_add_N12_s42,merge,additive_mean,12,42,,False,82,True,0.4598,0.0037,0.2354,0.3981,0.1701,0.76,0.992,0.8751,0.747,0.94,0.9394,nan,7.81,7.25,
nmerge_add_N12_s42,merge,additive_mean,12,42,,False,111,False,0.4623,0.0037,0.2427,0.3948,0.1701,0.76,0.992,0.8751,0.747,0.94,0.9394,nan,7.81,6.6,
nmerge_add_N12_s42,merge,additive_mean,12,42,,False,177,False,0.4635,0.0037,0.2397,0.4113,0.1701,0.76,0.992,0.8751,0.747,0.94,0.9394,nan,7.77,6.44,
nmerge_add_N16_s42,merge,additive_mean,16,42,,False,15,False,0.4627,0.0028,0.2388,0.4081,0.1702,0.7615,0.992,0.8755,0.7474,0.9333,0.9384,0.3356,7.89,8.09,
nmerge_add_N16_s42,merge,additive_mean,16,42,,False,76,False,0.4601,0.0028,0.235,0.4017,0.1702,0.7615,0.992,0.8755,0.7474,0.9333,0.9384,nan,7.87,7.97,
nmerge_add_N16_s42,merge,additive_mean,16,42,,False,82,True,0.4601,0.0028,0.235,0.4017,0.1702,0.7615,0.992,0.8755,0.7474,0.9333,0.9384,nan,7.82,7.49,
nmerge_add_N16_s42,merge,additive_mean,16,42,,False,111,False,0.4629,0.0028,0.2421,0.4004,0.1702,0.7615,0.992,0.8755,0.7474,0.9333,0.9384,nan,7.84,6.81,
nmerge_add_N16_s42,merge,additive_mean,16,42,,False,177,False,0.4629,0.0028,0.2392,0.4086,0.1702,0.7615,0.992,0.8755,0.7474,0.9333,0.9384,nan,7.79,6.86,
nmerge_add_N20_s42,merge,additive_mean,20,42,,False,15,False,0.4619,0.0027,0.2384,0.4019,0.1702,0.7628,0.992,0.8765,0.748,0.94,0.9389,0.3356,7.92,8.43,
nmerge_add_N20_s42,merge,additive_mean,20,42,,False,76,False,0.4593,0.0027,0.2342,0.3962,0.1702,0.7628,0.992,0.8765,0.748,0.94,0.9389,nan,7.91,8.23,
nmerge_add_N20_s42,merge,additive_mean,20,42,,False,82,True,0.4593,0.0027,0.2342,0.3962,0.1702,0.7628,0.992,0.8765,0.748,0.94,0.9389,nan,7.87,7.72,
nmerge_add_N20_s42,merge,additive_mean,20,42,,False,111,False,0.4618,0.0027,0.2412,0.3933,0.1702,0.7628,0.992,0.8765,0.748,0.94,0.9389,nan,7.88,6.94,
nmerge_add_N20_s42,merge,additive_mean,20,42,,False,177,False,0.462,0.0027,0.2379,0.4037,0.1702,0.7628,0.992,0.8765,0.748,0.94,0.9389,nan,7.83,7.15,
nmerge_add_N2_s42,merge,additive_mean,2,42,,False,15,False,0.4613,0.0017,0.237,0.416,0.1692,0.7629,0.992,0.8788,0.7363,0.92,0.9312,0.3356,7.85,4.37,
nmerge_add_N2_s42,merge,additive_mean,2,42,,False,82,True,0.4596,0.0017,0.2354,0.4082,0.1692,0.7629,0.992,0.8788,0.7363,0.92,0.9312,nan,7.7,4.2,
nmerge_add_N32_s42,merge,additive_mean,32,42,,False,15,False,0.4612,0.0031,0.2385,0.4028,0.1694,0.7603,0.992,0.8748,0.7459,0.94,0.9375,0.3356,7.93,8.88,
nmerge_add_N32_s42,merge,additive_mean,32,42,,False,76,False,0.4584,0.0031,0.2346,0.3953,0.1694,0.7603,0.992,0.8748,0.7459,0.94,0.9375,nan,7.93,8.6,
nmerge_add_N32_s42,merge,additive_mean,32,42,,False,82,True,0.4584,0.0031,0.2346,0.3953,0.1694,0.7603,0.992,0.8748,0.7459,0.94,0.9375,nan,7.88,7.97,
nmerge_add_N32_s42,merge,additive_mean,32,42,,False,111,False,0.4614,0.0031,0.2412,0.3969,0.1694,0.7603,0.992,0.8748,0.7459,0.94,0.9375,nan,7.89,7.13,
nmerge_add_N32_s42,merge,additive_mean,32,42,,False,177,False,0.4615,0.0031,0.2378,0.4075,0.1694,0.7603,0.992,0.8748,0.7459,0.94,0.9375,nan,7.84,7.64,
nmerge_add_N3_s42,merge,additive_mean,3,42,,False,15,False,0.4656,0.0033,0.2379,0.4273,0.1718,0.7582,0.992,0.8763,0.7369,0.94,0.9311,0.3356,7.89,4.93,
nmerge_add_N3_s42,merge,additive_mean,3,42,,False,82,True,0.4623,0.0033,0.2359,0.4093,0.1718,0.7582,0.992,0.8763,0.7369,0.94,0.9311,nan,7.74,4.77,
nmerge_add_N3_s42,merge,additive_mean,3,42,,False,111,False,0.4652,0.0033,0.2441,0.4058,0.1718,0.7582,0.992,0.8763,0.7369,0.94,0.9311,nan,7.73,5.12,
nmerge_add_N4_s42,merge,additive_mean,4,42,,False,15,False,0.4638,0.0045,0.2382,0.4078,0.172,0.7606,0.992,0.8769,0.7429,0.94,0.9364,0.5713,7.89,5.4,
nmerge_add_N4_s42,merge,additive_mean,4,42,,False,82,True,0.4613,0.0045,0.2353,0.3986,0.172,0.7606,0.992,0.8769,0.7429,0.94,0.9364,nan,7.76,5.35,
nmerge_add_N4_s42,merge,additive_mean,4,42,,False,111,False,0.4645,0.0045,0.2434,0.398,0.172,0.7606,0.992,0.8769,0.7429,0.94,0.9364,nan,7.76,5.51,
nmerge_add_N4_s42,merge,additive_mean,4,42,,False,177,False,0.4658,0.0045,0.2402,0.4162,0.172,0.7606,0.992,0.8769,0.7429,0.94,0.9364,nan,7.77,4.91,
nmerge_add_N64_s42,merge,additive_mean,64,42,,False,15,False,0.4623,0.0032,0.2378,0.4133,0.1695,0.7583,0.992,0.8743,0.7444,0.94,0.9376,0.3356,7.96,9.25,
nmerge_add_N64_s42,merge,additive_mean,64,42,,False,76,False,0.4598,0.0032,0.2342,0.4062,0.1695,0.7583,0.992,0.8743,0.7444,0.94,0.9376,nan,7.94,8.92,
nmerge_add_N64_s42,merge,additive_mean,64,42,,False,82,True,0.4598,0.0032,0.2342,0.4062,0.1695,0.7583,0.992,0.8743,0.7444,0.94,0.9376,nan,7.9,8.2,
nmerge_add_N64_s42,merge,additive_mean,64,42,,False,111,False,0.463,0.0032,0.2413,0.4082,0.1695,0.7583,0.992,0.8743,0.7444,0.94,0.9376,nan,7.91,7.28,
nmerge_add_N64_s42,merge,additive_mean,64,42,,False,177,False,0.4622,0.0032,0.2378,0.4128,0.1695,0.7583,0.992,0.8743,0.7444,0.94,0.9376,nan,7.85,8.01,
nmerge_add_N6_s42,merge,additive_mean,6,42,,False,15,False,0.4638,0.0039,0.239,0.416,0.1703,0.7618,0.992,0.8769,0.744,0.9333,0.9366,0.5713,7.84,6.11,
nmerge_add_N6_s42,merge,additive_mean,6,42,,False,76,False,0.4604,0.0039,0.2346,0.405,0.1703,0.7618,0.992,0.8769,0.744,0.9333,0.9366,nan,7.83,6.34,
nmerge_add_N6_s42,merge,additive_mean,6,42,,False,82,True,0.4604,0.0039,0.2346,0.405,0.1703,0.7618,0.992,0.8769,0.744,0.9333,0.9366,nan,7.78,6.19,
nmerge_add_N6_s42,merge,additive_mean,6,42,,False,111,False,0.4637,0.0039,0.2422,0.4063,0.1703,0.7618,0.992,0.8769,0.744,0.9333,0.9366,nan,7.8,6.02,
nmerge_add_N6_s42,merge,additive_mean,6,42,,False,177,False,0.4643,0.0039,0.2389,0.4196,0.1703,0.7618,0.992,0.8769,0.744,0.9333,0.9366,nan,7.79,5.55,
nmerge_add_N8_s42,merge,additive_mean,8,42,,False,15,False,0.4624,0.0035,0.2402,0.4086,0.1699,0.7628,0.992,0.8773,0.7473,0.9067,0.9383,0.5713,7.86,6.71,
nmerge_add_N8_s42,merge,additive_mean,8,42,,False,76,False,0.4589,0.0035,0.2358,0.3969,0.1699,0.7628,0.992,0.8773,0.7473,0.9067,0.9383,nan,7.84,6.95,
nmerge_add_N8_s42,merge,additive_mean,8,42,,False,82,True,0.4589,0.0035,0.2358,0.3969,0.1699,0.7628,0.992,0.8773,0.7473,0.9067,0.9383,nan,7.79,6.68,
nmerge_add_N8_s42,merge,additive_mean,8,42,,False,111,False,0.4613,0.0035,0.2432,0.3926,0.1699,0.7628,0.992,0.8773,0.7473,0.9067,0.9383,nan,7.8,6.28,
nmerge_add_N8_s42,merge,additive_mean,8,42,,False,177,False,0.4616,0.0035,0.2398,0.4041,0.1699,0.7628,0.992,0.8773,0.7473,0.9067,0.9383,nan,7.79,5.94,
nmerge_add_svd1024_N128_s42,merge,additive_mean,128,42,1024,False,15,False,0.4619,0.0038,0.2371,0.4077,0.1702,0.7591,0.992,0.8744,0.7456,0.94,0.9378,0.3356,7.95,9.42,
nmerge_add_svd1024_N128_s42,merge,additive_mean,128,42,1024,False,76,False,0.4591,0.0038,0.2338,0.3988,0.1702,0.7591,0.992,0.8744,0.7456,0.94,0.9378,nan,7.93,9.03,
nmerge_add_svd1024_N128_s42,merge,additive_mean,128,42,1024,False,82,True,0.4591,0.0038,0.2338,0.3988,0.1702,0.7591,0.992,0.8744,0.7456,0.94,0.9378,nan,7.89,8.3,
nmerge_add_svd1024_N128_s42,merge,additive_mean,128,42,1024,False,111,False,0.4629,0.0038,0.2409,0.4044,0.1702,0.7591,0.992,0.8744,0.7456,0.94,0.9378,nan,7.9,7.34,
nmerge_add_svd1024_N128_s42,merge,additive_mean,128,42,1024,False,177,False,0.4627,0.0038,0.2374,0.4126,0.1702,0.7591,0.992,0.8744,0.7456,0.94,0.9378,nan,7.85,8.19,
nmerge_add_svd1024_N200_s42,merge,additive_mean,200,42,1024,False,15,False,0.4623,0.0032,0.2373,0.4105,0.1704,0.7588,0.992,0.8744,0.7459,0.9333,0.9381,0.3356,7.96,9.49,
nmerge_add_svd1024_N200_s42,merge,additive_mean,200,42,1024,False,76,False,0.4597,0.0032,0.2339,0.4019,0.1704,0.7588,0.992,0.8744,0.7459,0.9333,0.9381,nan,7.93,9.08,
nmerge_add_svd1024_N200_s42,merge,additive_mean,200,42,1024,False,82,True,0.4597,0.0032,0.2339,0.4019,0.1704,0.7588,0.992,0.8744,0.7459,0.9333,0.9381,nan,7.89,8.33,
nmerge_add_svd1024_N200_s42,merge,additive_mean,200,42,1024,False,111,False,0.4629,0.0032,0.2409,0.404,0.1704,0.7588,0.992,0.8744,0.7459,0.9333,0.9381,nan,7.89,7.36,
nmerge_add_svd1024_N200_s42,merge,additive_mean,200,42,1024,False,177,False,0.4628,0.0032,0.2373,0.4141,0.1704,0.7588,0.992,0.8744,0.7459,0.9333,0.9381,nan,7.85,8.25,
nmerge_add_svd1024_N64_s42,merge,additive_mean,64,42,1024,False,82,True,0.4591,0.0,0.2343,0.4024,0.1694,0.7584,0.992,0.8737,0.7448,0.94,0.9379,nan,7.9,8.2,
nmerge_dare_N200_s42_r8,merge,dare_ties,200,42,,True,,True,0.4198,0.0,0.16,0.3875,0.1812,0.7781,0.982,0.8699,0.6801,0.9333,0.9116,0.1745,14.08,17.76,
retain90_oracle,anchor,,,,,False,82,True,0.5627,0.0,0.5086,0.4984,0.2613,0.5897,0.88,0.7698,0.6017,0.8567,0.8107,nan,2.2,2.04,
