pool,k,base,router,drop,n_units_surviving,n_orphans,max_share,top3_share,entropy_norm,hhi,gini,n_eff,busiest_unit
Llama-2-7B-chat-hf_k10_r32_e5_lr1e4,10,Llama-2-7B-chat-hf,activation_norm,d9,9,400,0.5125,0.9875,0.4496,0.4191,0.7544,2.39,7
Llama-2-7B-chat-hf_k10_r32_e5_lr1e4,10,Llama-2-7B-chat-hf,activation_norm,d9_8,8,441,0.7415,0.9955,0.3172,0.6058,0.8036,1.65,7
Llama-2-7B-chat-hf_k10_r32_e5_lr1e4,10,Llama-2-7B-chat-hf,activation_norm,d9_8_7_6,6,520,0.9000,1.0000,0.1937,0.8189,0.7981,1.22,5
Llama-2-7B-chat-hf_k10_r32_e5_lr1e4,10,Llama-2-7B-chat-hf,attn_norm,d9,9,400,0.9400,0.9950,0.1188,0.8861,0.8722,1.13,4
Llama-2-7B-chat-hf_k10_r32_e5_lr1e4,10,Llama-2-7B-chat-hf,attn_norm,d9_8,8,441,0.9478,1.0000,0.1059,0.9007,0.8608,1.11,4
Llama-2-7B-chat-hf_k10_r32_e5_lr1e4,10,Llama-2-7B-chat-hf,attn_norm,d9_8_7_6,6,520,0.9423,1.0000,0.1310,0.8909,0.8128,1.12,4
Llama-2-7B-chat-hf_k10_r32_e5_lr1e4,10,Llama-2-7B-chat-hf,centroid_lm,d9,9,400,0.5950,0.8300,0.5763,0.3949,0.6778,2.53,4
Llama-2-7B-chat-hf_k10_r32_e5_lr1e4,10,Llama-2-7B-chat-hf,centroid_lm,d9_8,8,800,0.5687,0.8538,0.6124,0.3770,0.6450,2.65,4
Llama-2-7B-chat-hf_k10_r32_e5_lr1e4,10,Llama-2-7B-chat-hf,centroid_lm,d9_8_7_6,6,1600,0.5138,0.9513,0.6725,0.3614,0.5590,2.77,4
Llama-2-7B-chat-hf_k10_r32_e5_lr1e4,10,Llama-2-7B-chat-hf,centroid_lm_last,d9,9,400,0.7975,0.9975,0.2461,0.6741,0.8417,1.48,2
Llama-2-7B-chat-hf_k10_r32_e5_lr1e4,10,Llama-2-7B-chat-hf,centroid_lm_last,d9_8,8,800,0.8263,0.9975,0.2346,0.7112,0.8297,1.41,2
Llama-2-7B-chat-hf_k10_r32_e5_lr1e4,10,Llama-2-7B-chat-hf,centroid_lm_last,d9_8_7_6,6,1600,0.8231,0.9987,0.2719,0.7075,0.7727,1.41,2
Llama-2-7B-chat-hf_k10_r32_e5_lr1e4,10,Llama-2-7B-chat-hf,centroid_sbert,d9,9,400,0.1850,0.5425,0.9394,0.1392,0.2833,7.19,7
Llama-2-7B-chat-hf_k10_r32_e5_lr1e4,10,Llama-2-7B-chat-hf,centroid_sbert,d9_8,8,800,0.2037,0.5400,0.9602,0.1455,0.2247,6.87,4
Llama-2-7B-chat-hf_k10_r32_e5_lr1e4,10,Llama-2-7B-chat-hf,centroid_sbert,d9_8_7_6,6,1600,0.2362,0.5988,0.9834,0.1767,0.1373,5.66,4
Llama-2-7B-chat-hf_k10_r32_e5_lr1e4,10,Llama-2-7B-chat-hf,centroid_sbert_q,d9,9,400,0.2050,0.4800,0.9610,0.1301,0.2256,7.69,7
Llama-2-7B-chat-hf_k10_r32_e5_lr1e4,10,Llama-2-7B-chat-hf,centroid_sbert_q,d9_8,8,800,0.2338,0.5500,0.9572,0.1482,0.2369,6.75,5
Llama-2-7B-chat-hf_k10_r32_e5_lr1e4,10,Llama-2-7B-chat-hf,centroid_sbert_q,d9_8_7_6,6,1600,0.2437,0.5956,0.9844,0.1765,0.1304,5.67,5
Llama-2-7B-chat-hf_k10_r32_e5_lr1e4,10,Llama-2-7B-chat-hf,key_exact,d9,9,400,1.0000,1.0000,-0.0000,1.0000,0.8889,1.00,0
Llama-2-7B-chat-hf_k10_r32_e5_lr1e4,10,Llama-2-7B-chat-hf,key_exact,d9_8,8,800,0.9762,1.0000,0.0540,0.9536,0.8691,1.05,0
Llama-2-7B-chat-hf_k10_r32_e5_lr1e4,10,Llama-2-7B-chat-hf,key_exact,d9_8_7_6,6,1600,0.9881,1.0000,0.0360,0.9765,0.8294,1.02,0
Llama-2-7B-chat-hf_k10_r32_e5_lr1e4,10,Llama-2-7B-chat-hf,key_tfidf,d9,9,400,0.2175,0.5725,0.9181,0.1510,0.3194,6.62,4
Llama-2-7B-chat-hf_k10_r32_e5_lr1e4,10,Llama-2-7B-chat-hf,key_tfidf,d9_8,8,800,0.2000,0.5488,0.9559,0.1476,0.2375,6.78,7
Llama-2-7B-chat-hf_k10_r32_e5_lr1e4,10,Llama-2-7B-chat-hf,key_tfidf,d9_8_7_6,6,1600,0.2687,0.6138,0.9751,0.1827,0.1623,5.47,5
Llama-2-7B-chat-hf_k10_r32_e5_lr1e4,10,Llama-2-7B-chat-hf,logit_div,d9,9,400,0.5325,0.8375,0.6389,0.3428,0.6544,2.92,7
Llama-2-7B-chat-hf_k10_r32_e5_lr1e4,10,Llama-2-7B-chat-hf,logit_div,d9_8,8,441,0.6871,0.9093,0.5282,0.4988,0.6930,2.00,7
Llama-2-7B-chat-hf_k10_r32_e5_lr1e4,10,Llama-2-7B-chat-hf,logit_div,d9_8_7_6,6,520,0.4404,0.8135,0.8252,0.2828,0.4321,3.54,5
Llama-2-7B-chat-hf_k10_r32_e5_lr1e4,10,Llama-2-7B-chat-hf,ppl,d9,9,400,0.2275,0.5825,0.9066,0.1555,0.3500,6.43,1
Llama-2-7B-chat-hf_k10_r32_e5_lr1e4,10,Llama-2-7B-chat-hf,ppl,d9_8,8,441,0.2426,0.6100,0.9161,0.1674,0.3206,5.97,1
Llama-2-7B-chat-hf_k10_r32_e5_lr1e4,10,Llama-2-7B-chat-hf,ppl,d9_8_7_6,6,520,0.3250,0.6962,0.9249,0.2120,0.2853,4.72,1
Llama-2-7B-chat-hf_k200_r32_e25_lr1e4,200,Llama-2-7B-chat-hf,centroid_lm,d199,199,20,0.7000,0.9000,0.1858,0.5200,0.9889,1.92,128
Llama-2-7B-chat-hf_k200_r32_e25_lr1e4,200,Llama-2-7B-chat-hf,centroid_lm,d180_181_182_183_184_185_186_187_188_189_190_191_192_193_194_195_196_197_198_199,180,400,0.1700,0.3100,0.6456,0.0574,0.8756,17.43,88
Llama-2-7B-chat-hf_k200_r32_e25_lr1e4,200,Llama-2-7B-chat-hf,centroid_sbert,d199,199,20,0.4000,0.9000,0.2418,0.3000,0.9849,3.33,88
Llama-2-7B-chat-hf_k200_r32_e25_lr1e4,200,Llama-2-7B-chat-hf,centroid_sbert,d180_181_182_183_184_185_186_187_188_189_190_191_192_193_194_195_196_197_198_199,180,400,0.1100,0.2575,0.6951,0.0413,0.8408,24.19,88
Llama-2-7B-chat-hf_k200_r32_e25_lr1e4,200,Llama-2-7B-chat-hf,key_exact,d199,199,20,1.0000,1.0000,-0.0000,1.0000,0.9950,1.00,0
Llama-2-7B-chat-hf_k200_r32_e25_lr1e4,200,Llama-2-7B-chat-hf,key_exact,d180_181_182_183_184_185_186_187_188_189_190_191_192_193_194_195_196_197_198_199,180,400,1.0000,1.0000,-0.0000,1.0000,0.9944,1.00,0
Llama-2-7B-chat-hf_k200_r32_e25_lr1e4,200,Llama-2-7B-chat-hf,key_tfidf,d199,199,20,0.4000,0.7500,0.3066,0.2500,0.9799,4.00,88
Llama-2-7B-chat-hf_k200_r32_e25_lr1e4,200,Llama-2-7B-chat-hf,key_tfidf,d180_181_182_183_184_185_186_187_188_189_190_191_192_193_194_195_196_197_198_199,180,400,0.1900,0.2975,0.6899,0.0573,0.8293,17.46,88
Llama-2-7B-chat-hf_k50_r32_e5_lr1e4,50,Llama-2-7B-chat-hf,centroid_lm,d49,49,80,0.2375,0.5875,0.5903,0.1362,0.8429,7.34,13
Llama-2-7B-chat-hf_k50_r32_e5_lr1e4,50,Llama-2-7B-chat-hf,centroid_lm,d49_48,48,160,0.2500,0.5188,0.6281,0.1234,0.8208,8.11,22
Llama-2-7B-chat-hf_k50_r32_e5_lr1e4,50,Llama-2-7B-chat-hf,centroid_sbert,d49,49,80,0.1875,0.5250,0.5914,0.1222,0.8429,8.18,22
Llama-2-7B-chat-hf_k50_r32_e5_lr1e4,50,Llama-2-7B-chat-hf,centroid_sbert,d49_48,48,160,0.1125,0.3063,0.7537,0.0657,0.7029,15.22,22
Llama-2-7B-chat-hf_k50_r32_e5_lr1e4,50,Llama-2-7B-chat-hf,key_exact,d49,49,80,1.0000,1.0000,-0.0000,1.0000,0.9796,1.00,0
Llama-2-7B-chat-hf_k50_r32_e5_lr1e4,50,Llama-2-7B-chat-hf,key_exact,d49_48,48,160,1.0000,1.0000,-0.0000,1.0000,0.9792,1.00,0
Llama-2-7B-chat-hf_k50_r32_e5_lr1e4,50,Llama-2-7B-chat-hf,key_tfidf,d49,49,80,0.2250,0.4625,0.6711,0.1041,0.7837,9.61,1
Llama-2-7B-chat-hf_k50_r32_e5_lr1e4,50,Llama-2-7B-chat-hf,key_tfidf,d49_48,48,160,0.1250,0.3312,0.7794,0.0649,0.6771,15.40,1
Llama-3.2-1B-Instruct,10,Llama-3.2-1B-Instruct,activation_norm,d9,9,400,0.9575,1.0000,0.0800,0.9186,0.8794,1.09,6
Llama-3.2-1B-Instruct,10,Llama-3.2-1B-Instruct,activation_norm,d9_8,8,441,0.9546,1.0000,0.0888,0.9134,0.8637,1.09,6
Llama-3.2-1B-Instruct,10,Llama-3.2-1B-Instruct,activation_norm,d9_8_7_6,6,520,0.9019,1.0000,0.1913,0.8220,0.7987,1.22,5
Llama-3.2-1B-Instruct,10,Llama-3.2-1B-Instruct,attn_norm,d9,9,400,0.9475,1.0000,0.0937,0.9005,0.8772,1.11,5
Llama-3.2-1B-Instruct,10,Llama-3.2-1B-Instruct,attn_norm,d9_8,8,441,0.9501,1.0000,0.0953,0.9052,0.8625,1.10,5
Llama-3.2-1B-Instruct,10,Llama-3.2-1B-Instruct,attn_norm,d9_8_7_6,6,520,1.0000,1.0000,-0.0000,1.0000,0.8333,1.00,5
Llama-3.2-1B-Instruct,10,Llama-3.2-1B-Instruct,centroid_lm,d9,9,400,0.5975,0.8450,0.5733,0.4006,0.6856,2.50,4
Llama-3.2-1B-Instruct,10,Llama-3.2-1B-Instruct,centroid_lm,d9_8,8,800,0.6062,0.8725,0.6091,0.4080,0.6494,2.45,4
Llama-3.2-1B-Instruct,10,Llama-3.2-1B-Instruct,centroid_lm,d9_8_7_6,6,1600,0.5619,0.9150,0.6761,0.3860,0.5710,2.59,4
Llama-3.2-1B-Instruct,10,Llama-3.2-1B-Instruct,centroid_lm_last,d9,9,400,0.6075,0.7625,0.6580,0.3919,0.5811,2.55,4
Llama-3.2-1B-Instruct,10,Llama-3.2-1B-Instruct,centroid_lm_last,d9_8,8,800,0.5913,0.7425,0.7028,0.3746,0.5112,2.67,4
Llama-3.2-1B-Instruct,10,Llama-3.2-1B-Instruct,centroid_lm_last,d9_8_7_6,6,1600,0.5594,0.8044,0.7606,0.3575,0.4692,2.80,4
Llama-3.2-1B-Instruct,10,Llama-3.2-1B-Instruct,centroid_sbert,d9,9,400,0.1850,0.5425,0.9394,0.1392,0.2833,7.19,7
Llama-3.2-1B-Instruct,10,Llama-3.2-1B-Instruct,centroid_sbert,d9_8,8,800,0.2037,0.5400,0.9602,0.1455,0.2247,6.87,4
Llama-3.2-1B-Instruct,10,Llama-3.2-1B-Instruct,centroid_sbert,d9_8_7_6,6,1600,0.2362,0.5988,0.9834,0.1767,0.1373,5.66,4
Llama-3.2-1B-Instruct,10,Llama-3.2-1B-Instruct,centroid_sbert_q,d9,9,400,0.2050,0.4800,0.9610,0.1301,0.2256,7.69,7
Llama-3.2-1B-Instruct,10,Llama-3.2-1B-Instruct,centroid_sbert_q,d9_8,8,800,0.2338,0.5500,0.9572,0.1482,0.2369,6.75,5
Llama-3.2-1B-Instruct,10,Llama-3.2-1B-Instruct,centroid_sbert_q,d9_8_7_6,6,1600,0.2437,0.5956,0.9844,0.1765,0.1304,5.67,5
Llama-3.2-1B-Instruct,10,Llama-3.2-1B-Instruct,key_exact,d9,9,400,1.0000,1.0000,-0.0000,1.0000,0.8889,1.00,0
Llama-3.2-1B-Instruct,10,Llama-3.2-1B-Instruct,key_exact,d9_8,8,800,0.9762,1.0000,0.0540,0.9536,0.8691,1.05,0
Llama-3.2-1B-Instruct,10,Llama-3.2-1B-Instruct,key_exact,d9_8_7_6,6,1600,0.9881,1.0000,0.0360,0.9765,0.8294,1.02,0
Llama-3.2-1B-Instruct,10,Llama-3.2-1B-Instruct,key_tfidf,d9,9,400,0.2175,0.5725,0.9181,0.1510,0.3194,6.62,4
Llama-3.2-1B-Instruct,10,Llama-3.2-1B-Instruct,key_tfidf,d9_8,8,800,0.2000,0.5488,0.9559,0.1476,0.2375,6.78,7
Llama-3.2-1B-Instruct,10,Llama-3.2-1B-Instruct,key_tfidf,d9_8_7_6,6,1600,0.2687,0.6138,0.9751,0.1827,0.1623,5.47,5
Llama-3.2-1B-Instruct,10,Llama-3.2-1B-Instruct,logit_div,d9,9,400,0.4225,0.8025,0.6934,0.2803,0.6100,3.57,8
Llama-3.2-1B-Instruct,10,Llama-3.2-1B-Instruct,logit_div,d9_8,8,441,0.5760,0.8277,0.6426,0.3765,0.6244,2.66,7
Llama-3.2-1B-Instruct,10,Llama-3.2-1B-Instruct,logit_div,d9_8_7_6,6,520,0.5154,0.9538,0.5733,0.4253,0.6186,2.35,5
Llama-3.2-1B-Instruct,10,Llama-3.2-1B-Instruct,ppl,d9,9,400,0.2275,0.5550,0.9190,0.1487,0.3272,6.73,7
Llama-3.2-1B-Instruct,10,Llama-3.2-1B-Instruct,ppl,d9_8,8,441,0.2494,0.5624,0.9367,0.1573,0.2781,6.36,7
Llama-3.2-1B-Instruct,10,Llama-3.2-1B-Instruct,ppl,d9_8_7_6,6,520,0.2596,0.6923,0.9452,0.1968,0.2353,5.08,0
Llama-3.2-1B-Instruct_experts_scaf_k10,10,Llama-3.2-1B-Instruct_scaffolded_alpaca2k,activation_norm,d9,9,400,0.8175,0.9975,0.2531,0.6936,0.8422,1.44,6
Llama-3.2-1B-Instruct_experts_scaf_k10,10,Llama-3.2-1B-Instruct_scaffolded_alpaca2k,activation_norm,d9_8,8,441,0.8299,1.0000,0.2293,0.7162,0.8313,1.40,6
Llama-3.2-1B-Instruct_experts_scaf_k10,10,Llama-3.2-1B-Instruct_scaffolded_alpaca2k,activation_norm,d9_8_7_6,6,520,0.5212,0.9192,0.6561,0.3666,0.5756,2.73,5
Llama-3.2-1B-Instruct_experts_scaf_k10,10,Llama-3.2-1B-Instruct_scaffolded_alpaca2k,attn_norm,d9,9,400,0.4125,0.8150,0.6789,0.2667,0.6111,3.75,3
Llama-3.2-1B-Instruct_experts_scaf_k10,10,Llama-3.2-1B-Instruct_scaffolded_alpaca2k,attn_norm,d9_8,8,441,0.4059,0.8209,0.7107,0.2658,0.5632,3.76,3
Llama-3.2-1B-Instruct_experts_scaf_k10,10,Llama-3.2-1B-Instruct_scaffolded_alpaca2k,attn_norm,d9_8_7_6,6,520,0.4308,0.8615,0.7459,0.2951,0.4808,3.39,3
Llama-3.2-1B-Instruct_experts_scaf_k10,10,Llama-3.2-1B-Instruct_scaffolded_alpaca2k,centroid_lm,d9,9,400,0.6525,0.9200,0.5040,0.4654,0.7389,2.15,4
Llama-3.2-1B-Instruct_experts_scaf_k10,10,Llama-3.2-1B-Instruct_scaffolded_alpaca2k,centroid_lm,d9_8,8,800,0.7025,0.8975,0.5006,0.5195,0.7141,1.92,4
Llama-3.2-1B-Instruct_experts_scaf_k10,10,Llama-3.2-1B-Instruct_scaffolded_alpaca2k,centroid_lm,d9_8_7_6,6,1600,0.6881,0.9175,0.5770,0.5032,0.6246,1.99,4
Llama-3.2-1B-Instruct_experts_scaf_k10,10,Llama-3.2-1B-Instruct_scaffolded_alpaca2k,centroid_lm_last,d9,9,400,0.7700,0.8675,0.4307,0.6021,0.7278,1.66,4
Llama-3.2-1B-Instruct_experts_scaf_k10,10,Llama-3.2-1B-Instruct_scaffolded_alpaca2k,centroid_lm_last,d9_8,8,800,0.7650,0.8900,0.4506,0.5966,0.7166,1.68,4
Llama-3.2-1B-Instruct_experts_scaf_k10,10,Llama-3.2-1B-Instruct_scaffolded_alpaca2k,centroid_lm_last,d9_8_7_6,6,1600,0.6837,0.9094,0.5875,0.4970,0.6165,2.01,4
Llama-3.2-1B-Instruct_experts_scaf_k10,10,Llama-3.2-1B-Instruct_scaffolded_alpaca2k,centroid_sbert,d9,9,400,0.1850,0.5425,0.9394,0.1392,0.2833,7.19,7
Llama-3.2-1B-Instruct_experts_scaf_k10,10,Llama-3.2-1B-Instruct_scaffolded_alpaca2k,centroid_sbert,d9_8,8,800,0.2037,0.5400,0.9602,0.1455,0.2247,6.87,4
Llama-3.2-1B-Instruct_experts_scaf_k10,10,Llama-3.2-1B-Instruct_scaffolded_alpaca2k,centroid_sbert,d9_8_7_6,6,1600,0.2362,0.5988,0.9834,0.1767,0.1373,5.66,4
Llama-3.2-1B-Instruct_experts_scaf_k10,10,Llama-3.2-1B-Instruct_scaffolded_alpaca2k,centroid_sbert_q,d9,9,400,0.2050,0.4800,0.9610,0.1301,0.2256,7.69,7
Llama-3.2-1B-Instruct_experts_scaf_k10,10,Llama-3.2-1B-Instruct_scaffolded_alpaca2k,centroid_sbert_q,d9_8,8,800,0.2338,0.5500,0.9572,0.1482,0.2369,6.75,5
Llama-3.2-1B-Instruct_experts_scaf_k10,10,Llama-3.2-1B-Instruct_scaffolded_alpaca2k,centroid_sbert_q,d9_8_7_6,6,1600,0.2437,0.5956,0.9844,0.1765,0.1304,5.67,5
Llama-3.2-1B-Instruct_experts_scaf_k10,10,Llama-3.2-1B-Instruct_scaffolded_alpaca2k,key_exact,d9,9,400,1.0000,1.0000,-0.0000,1.0000,0.8889,1.00,0
Llama-3.2-1B-Instruct_experts_scaf_k10,10,Llama-3.2-1B-Instruct_scaffolded_alpaca2k,key_exact,d9_8,8,800,0.9762,1.0000,0.0540,0.9536,0.8691,1.05,0
Llama-3.2-1B-Instruct_experts_scaf_k10,10,Llama-3.2-1B-Instruct_scaffolded_alpaca2k,key_exact,d9_8_7_6,6,1600,0.9881,1.0000,0.0360,0.9765,0.8294,1.02,0
Llama-3.2-1B-Instruct_experts_scaf_k10,10,Llama-3.2-1B-Instruct_scaffolded_alpaca2k,key_tfidf,d9,9,400,0.2175,0.5725,0.9181,0.1510,0.3194,6.62,4
Llama-3.2-1B-Instruct_experts_scaf_k10,10,Llama-3.2-1B-Instruct_scaffolded_alpaca2k,key_tfidf,d9_8,8,800,0.2000,0.5488,0.9559,0.1476,0.2375,6.78,7
Llama-3.2-1B-Instruct_experts_scaf_k10,10,Llama-3.2-1B-Instruct_scaffolded_alpaca2k,key_tfidf,d9_8_7_6,6,1600,0.2687,0.6138,0.9751,0.1827,0.1623,5.47,5
Llama-3.2-1B-Instruct_experts_scaf_k10,10,Llama-3.2-1B-Instruct_scaffolded_alpaca2k,logit_div,d9,9,400,0.2650,0.6600,0.8491,0.1814,0.4406,5.51,0
Llama-3.2-1B-Instruct_experts_scaf_k10,10,Llama-3.2-1B-Instruct_scaffolded_alpaca2k,logit_div,d9_8,8,441,0.2630,0.7460,0.8525,0.2012,0.4124,4.97,0
Llama-3.2-1B-Instruct_experts_scaf_k10,10,Llama-3.2-1B-Instruct_scaffolded_alpaca2k,logit_div,d9_8_7_6,6,520,0.4654,0.8538,0.7554,0.3265,0.4949,3.06,5
Llama-3.2-1B-Instruct_experts_scaf_k10,10,Llama-3.2-1B-Instruct_scaffolded_alpaca2k,ppl,d9,9,400,0.2500,0.5400,0.9403,0.1431,0.2828,6.99,7
Llama-3.2-1B-Instruct_experts_scaf_k10,10,Llama-3.2-1B-Instruct_scaffolded_alpaca2k,ppl,d9_8,8,441,0.2789,0.5692,0.9377,0.1605,0.2724,6.23,7
Llama-3.2-1B-Instruct_experts_scaf_k10,10,Llama-3.2-1B-Instruct_scaffolded_alpaca2k,ppl,d9_8_7_6,6,520,0.2212,0.6192,0.9719,0.1814,0.1603,5.51,1
legonet_n32 (instructor-xl),32,1B,embed-instructor-xl,forget10,17,400,0.2300,0.6425,0.7034,0.1640,0.6679,6.10,5
legonet_n32 (retriever),32,1B,embed-retriever,forget10,17,400,0.2500,0.5700,0.7773,0.1499,0.5706,6.67,30
scaf_k10,10,1B-scaf,centroid_all,d9,9,400,0.2450,0.5700,0.9285,0.1488,0.3144,6.72,4
scaf_k10,10,1B-scaf,centroid_bge,d9,9,400,0.3300,0.5925,0.8930,0.1755,0.3656,5.70,4
scaf_k10,10,1B-scaf,centroid_minilm,d9,9,400,0.2050,0.4800,0.9610,0.1301,0.2256,7.69,7
